cedula,nombre,apellido,email,gender
1,Stesha,De Carteret,sdecarteret0@soup.io,Female
2,Jodie,Mawdsley,jmawdsley1@mapy.cz,Female
3,Dix,Fraulo,dfraulo2@auda.org.au,Female
4,Raimondo,Pendrigh,rpendrigh3@uiuc.edu,Male
5,Dido,Leatherland,dleatherland4@usatoday.com,Female
6,Risa,Bucknill,rbucknill5@opensource.org,Female
7,Bobette,Allward,ballward6@163.com,Female
8,Raphael,Hiorn,rhiorn7@dyndns.org,Male
9,Kalil,MacCostye,kmaccostye8@walmart.com,Male
10,Ambrosius,Cathcart,acathcart9@jiathis.com,Male
11,Samara,Dugget,sduggeta@spotify.com,Female
12,Clarie,Bevar,cbevarb@bbb.org,Female
13,Oliviero,Carles,ocarlesc@canalblog.com,Male
14,Netta,Pailin,npailind@disqus.com,Female
15,Colleen,Kern,ckerne@mediafire.com,Female
16,Iosep,Walch,iwalchf@wikimedia.org,Male
17,Jo ann,Wigg,jwiggg@google.nl,Female
18,Aldrich,Circuit,acircuith@salon.com,Male
19,Wilhelmina,Preuvost,wpreuvosti@comsenz.com,Female
20,Idell,Godfree,igodfreej@telegraph.co.uk,Female
21,Waverly,Lynds,wlyndsk@ning.com,Male
22,Gillian,Cutting,gcuttingl@taobao.com,Female
23,Jacquette,Croom,jcroomm@google.cn,Female
24,Jaynell,Tulley,jtulleyn@usgs.gov,Female
25,Roze,Pellamonuten,rpellamonuteno@walmart.com,Female
26,Keir,Hrinchenko,khrinchenkop@bravesites.com,Male
27,Dulsea,Treadaway,dtreadawayq@opensource.org,Female
28,Tamqrah,Koeppke,tkoeppker@pbs.org,Female
29,Sylvan,Becaris,sbecariss@archive.org,Male
30,Viva,Burrett,vburrettt@slideshare.net,Female
31,Carleton,Eddisforth,ceddisforthu@nature.com,Male
32,Lauretta,Tiller,ltillerv@huffingtonpost.com,Female
33,Catherina,Bruck,cbruckw@princeton.edu,Female
34,Martie,Lempertz,mlempertzx@mediafire.com,Male
35,Jo-anne,Sheasby,jsheasbyy@whitehouse.gov,Female
36,Gard,Tremblet,gtrembletz@addtoany.com,Male
37,Ezekiel,Carles,ecarles10@ehow.com,Male
38,Beret,Craw,bcraw11@weebly.com,Female
39,Sybilla,Coursor,scoursor12@google.com.au,Female
40,Gavin,Fawlkes,gfawlkes13@miibeian.gov.cn,Male
41,Katine,Rops,krops14@sciencedirect.com,Female
42,Yvor,Jaan,yjaan15@symantec.com,Male
43,King,Kingzeth,kkingzeth16@nationalgeographic.com,Male
44,Katlin,Abbay,kabbay17@freewebs.com,Female
45,Sissie,Crosham,scrosham18@businessinsider.com,Female
46,Lanette,Jorry,ljorry19@vistaprint.com,Female
47,Marlie,Batisse,mbatisse1a@deviantart.com,Female
48,Janetta,Gowthorpe,jgowthorpe1b@dell.com,Female
49,Frederich,Vanichkin,fvanichkin1c@elegantthemes.com,Male
50,Hartley,Belding,hbelding1d@myspace.com,Male
51,Loydie,Willishire,lwillishire1e@blogtalkradio.com,Male
52,Ringo,Byne,rbyne1f@state.gov,Male
53,Jethro,Granham,jgranham1g@senate.gov,Male
54,Thaine,Jarvie,tjarvie1h@admin.ch,Male
55,Dave,Elstone,delstone1i@1und1.de,Male
56,Anette,Arnull,aarnull1j@harvard.edu,Female
57,Rowland,Punton,rpunton1k@goo.gl,Male
58,Berny,Canape,bcanape1l@nymag.com,Female
59,Amabel,Worsall,aworsall1m@jiathis.com,Female
60,Lancelot,Bellinger,lbellinger1n@youtube.com,Male
61,Leonanie,McCaig,lmccaig1o@latimes.com,Female
62,Bob,Ethridge,bethridge1p@ucoz.ru,Male
63,Warden,McFall,wmcfall1q@usda.gov,Male
64,Vale,Farnie,vfarnie1r@hatena.ne.jp,Male
65,Randall,Orlton,rorlton1s@intel.com,Male
66,Dennet,Volette,dvolette1t@hp.com,Male
67,Lorette,Coushe,lcoushe1u@upenn.edu,Female
68,Field,Hillburn,fhillburn1v@adobe.com,Male
69,Lukas,Robrose,lrobrose1w@quantcast.com,Male
70,Grethel,Whiley,gwhiley1x@ucoz.ru,Female
71,Darbee,Rope,drope1y@harvard.edu,Male
72,Durante,Grigoryov,dgrigoryov1z@google.com.au,Male
73,Lucilia,Yandell,lyandell20@google.com.br,Female
74,Hadley,Borthwick,hborthwick21@wiley.com,Male
75,Julio,Roakes,jroakes22@squidoo.com,Male
76,Debora,Sholem,dsholem23@shutterfly.com,Female
77,Graham,Cockett,gcockett24@hostgator.com,Male
78,Rorke,Nortcliffe,rnortcliffe25@hubpages.com,Male
79,Lisle,Thinn,lthinn26@seesaa.net,Male
80,Nealson,Izacenko,nizacenko27@ezinearticles.com,Male
81,Ninetta,Bernlin,nbernlin28@spotify.com,Female
82,Dannel,Renner,drenner29@digg.com,Male
83,Katinka,Gully,kgully2a@skyrock.com,Female
84,Winslow,Meineken,wmeineken2b@wordpress.org,Male
85,Olva,Robiou,orobiou2c@artisteer.com,Female
86,Timothee,Bovis,tbovis2d@shinystat.com,Male
87,Tiffany,Curwood,tcurwood2e@rakuten.co.jp,Female
88,Hildegarde,Gearty,hgearty2f@ebay.com,Female
89,Field,Dubique,fdubique2g@usgs.gov,Male
90,Clay,Baggallay,cbaggallay2h@un.org,Male
91,Pauline,Meugens,pmeugens2i@weibo.com,Female
92,Ludwig,Tappington,ltappington2j@flavors.me,Male
93,Josselyn,Saice,jsaice2k@ucla.edu,Female
94,Raffaello,Franckton,rfranckton2l@globo.com,Male
95,Olympia,De Domenici,odedomenici2m@hibu.com,Female
96,Clarinda,Meynell,cmeynell2n@washington.edu,Female
97,Colby,Crossland,ccrossland2o@w3.org,Male
98,Esma,Edgerly,eedgerly2p@utexas.edu,Female
99,Emory,Derrick,ederrick2q@issuu.com,Male
100,Franklyn,Eyrl,feyrl2r@ifeng.com,Male
101,Devora,Denne,ddenne2s@bloomberg.com,Female
102,Trueman,Cornely,tcornely2t@hp.com,Male
103,Codee,Bevans,cbevans2u@com.com,Female
104,Mozelle,Duffie,mduffie2v@pcworld.com,Female
105,Hollie,Pickhaver,hpickhaver2w@paypal.com,Female
106,Cherish,Boldecke,cboldecke2x@simplemachines.org,Female
107,Abba,Dukes,adukes2y@yellowbook.com,Male
108,Rand,Forth,rforth2z@tiny.cc,Male
109,Doe,Lavens,dlavens30@netvibes.com,Female
110,Yank,Dargie,ydargie31@engadget.com,Male
111,Bard,Nobles,bnobles32@sfgate.com,Male
112,Katina,Volke,kvolke33@mozilla.org,Female
113,Shalom,Gonsalo,sgonsalo34@macromedia.com,Male
114,Georgie,Abramovic,gabramovic35@soundcloud.com,Male
115,Nanete,McCreedy,nmccreedy36@slate.com,Female
116,Obadias,Normanvill,onormanvill37@tinypic.com,Male
117,Stanislaus,Damerell,sdamerell38@princeton.edu,Male
118,Suzie,Christmas,schristmas39@goo.gl,Female
119,Lisabeth,Revington,lrevington3a@parallels.com,Female
120,Husein,Roman,hroman3b@icq.com,Male
121,Rab,Sherebrook,rsherebrook3c@hugedomains.com,Male
122,Elnar,Trebbett,etrebbett3d@twitter.com,Male
123,Barr,Orniz,borniz3e@columbia.edu,Male
124,Laurie,Westmerland,lwestmerland3f@hud.gov,Male
125,Jacquenetta,Rolse,jrolse3g@oaic.gov.au,Female
126,Bertha,Polleye,bpolleye3h@loc.gov,Female
127,Franky,Bladon,fbladon3i@posterous.com,Female
128,Jerome,Henzer,jhenzer3j@vk.com,Male
129,Ginnifer,Lipmann,glipmann3k@google.com.au,Female
130,Fraser,Tennick,ftennick3l@taobao.com,Male
131,Culley,Wones,cwones3m@e-recht24.de,Male
132,Sebastiano,Pescod,spescod3n@samsung.com,Male
133,Pru,Grant,pgrant3o@blinklist.com,Female
134,Brennan,Cantera,bcantera3p@webeden.co.uk,Male
135,Flss,Lindman,flindman3q@shareasale.com,Female
136,Katha,Bissell,kbissell3r@com.com,Female
137,Pauli,Climer,pclimer3s@foxnews.com,Female
138,Tani,Charles,tcharles3t@omniture.com,Female
139,Zsazsa,Hammor,zhammor3u@sitemeter.com,Female
140,Lucienne,Sheasby,lsheasby3v@sitemeter.com,Female
141,Ty,Cabrer,tcabrer3w@constantcontact.com,Male
142,Jaquenette,Mongenot,jmongenot3x@free.fr,Female
143,Anna-diane,Arkell,aarkell3y@opensource.org,Female
144,Doroteya,Hyland,dhyland3z@elegantthemes.com,Female
145,Gregoor,Tirone,gtirone40@nhs.uk,Male
146,Yehudi,Reynold,yreynold41@adobe.com,Male
147,Yancey,Fellis,yfellis42@mozilla.org,Male
148,Welch,McKenna,wmckenna43@cafepress.com,Male
149,Jacob,O'Fallowne,jofallowne44@blogger.com,Male
150,Venus,Ollis,vollis45@ezinearticles.com,Female
151,Farica,Asmus,fasmus46@nba.com,Female
152,Abbi,Ege,aege47@weebly.com,Female
153,Sascha,Sponer,ssponer48@msu.edu,Female
154,Morna,Spark,mspark49@gravatar.com,Female
155,Georgina,Fideler,gfideler4a@umich.edu,Female
156,Jasmin,Pressnell,jpressnell4b@taobao.com,Female
157,Minda,Stoggell,mstoggell4c@linkedin.com,Female
158,Gabriella,Peddie,gpeddie4d@shinystat.com,Female
159,Aldis,Mewton,amewton4e@ted.com,Male
160,Latrina,Duffy,lduffy4f@youtube.com,Female
161,Tory,Jermyn,tjermyn4g@quantcast.com,Female
162,Bidget,Sidney,bsidney4h@ebay.com,Female
163,Kerry,Wardington,kwardington4i@loc.gov,Male
164,Yehudit,Scrowston,yscrowston4j@netscape.com,Male
165,Artemas,Stampfer,astampfer4k@wikispaces.com,Male
166,Shaina,Ponting,sponting4l@slate.com,Female
167,Teodorico,McTear,tmctear4m@newyorker.com,Male
168,Avrom,Frampton,aframpton4n@sciencedaily.com,Male
169,Mona,Ludlow,mludlow4o@irs.gov,Female
170,Hamilton,Jeandet,hjeandet4p@tinyurl.com,Male
171,Asa,Metherell,ametherell4q@goo.gl,Male
172,Otes,Berka,oberka4r@google.fr,Male
173,Hilly,Becks,hbecks4s@wikipedia.org,Male
174,Janeta,Ricco,jricco4t@engadget.com,Female
175,Glendon,Simkovitz,gsimkovitz4u@uol.com.br,Male
176,Mavra,Jeannet,mjeannet4v@indiegogo.com,Female
177,Nickolas,Ravenshear,nravenshear4w@ebay.co.uk,Male
178,Rickard,Okeshott,rokeshott4x@hatena.ne.jp,Male
179,Kelby,Webb,kwebb4y@netlog.com,Male
180,Dodi,Scheffler,dscheffler4z@qq.com,Female
181,Dalton,McMillan,dmcmillan50@smh.com.au,Male
182,Konstantin,Titley,ktitley51@yolasite.com,Male
183,Simmonds,Durrell,sdurrell52@rambler.ru,Male
184,Bobbie,Gallety,bgallety53@squidoo.com,Male
185,Tris,McCusker,tmccusker54@dmoz.org,Male
186,Frazer,Haythorn,fhaythorn55@slashdot.org,Male
187,Tedra,Rockall,trockall56@baidu.com,Female
188,Daryl,Von Hindenburg,dvonhindenburg57@ted.com,Male
189,Odille,Libbis,olibbis58@smh.com.au,Female
190,Raynell,Henner,rhenner59@cbc.ca,Female
191,Paulie,Blasio,pblasio5a@nifty.com,Female
192,Beverlee,Kardos,bkardos5b@hao123.com,Female
193,Rob,Bruno,rbruno5c@arstechnica.com,Male
194,Amata,Geistbeck,ageistbeck5d@spiegel.de,Female
195,Florencia,Danihelka,fdanihelka5e@vinaora.com,Female
196,Sharon,Levecque,slevecque5f@wsj.com,Female
197,Pru,Batho,pbatho5g@dot.gov,Female
198,Valerye,Matthesius,vmatthesius5h@purevolume.com,Female
199,Herbie,Redwood,hredwood5i@fema.gov,Male
200,Vincents,Winstanley,vwinstanley5j@epa.gov,Male
201,Viola,Harrison,vharrison5k@tmall.com,Female
202,Antoni,Tale,atale5l@redcross.org,Male
203,Maury,Somerfield,msomerfield5m@skyrock.com,Male
204,Wait,Grose,wgrose5n@dagondesign.com,Male
205,Stirling,Lanphier,slanphier5o@furl.net,Male
206,Erika,Pegrum,epegrum5p@sun.com,Female
207,Cate,Jovicic,cjovicic5q@networkadvertising.org,Female
208,Victoria,Woodfine,vwoodfine5r@a8.net,Female
209,Rey,Pavelka,rpavelka5s@wikipedia.org,Male
210,Tore,Cudde,tcudde5t@utexas.edu,Male
211,Ari,Matusson,amatusson5u@geocities.com,Male
212,Birgitta,Tucknutt,btucknutt5v@soup.io,Female
213,Isak,Cowup,icowup5w@fda.gov,Male
214,Rafaello,Larkings,rlarkings5x@engadget.com,Male
215,Keven,Godwyn,kgodwyn5y@latimes.com,Male
216,Dorolisa,Parsons,dparsons5z@cisco.com,Female
217,Birk,Gaffer,bgaffer60@rambler.ru,Male
218,Pippy,Gregson,pgregson61@cisco.com,Female
219,Gino,Rabbitt,grabbitt62@walmart.com,Male
220,Garwin,Leward,gleward63@auda.org.au,Male
221,Isaiah,Harlowe,iharlowe64@mozilla.com,Male
222,Aluino,Bertolaccini,abertolaccini65@unicef.org,Male
223,Abran,Boeck,aboeck66@pagesperso-orange.fr,Male
224,Timmy,Hrycek,thrycek67@google.de,Female
225,Scottie,O' Sullivan,sosullivan68@yelp.com,Male
226,Ashton,Sparshatt,asparshatt69@shinystat.com,Male
227,Nobe,Behrens,nbehrens6a@behance.net,Male
228,Kermit,Shawl,kshawl6b@blog.com,Male
229,Enrica,Ivanikhin,eivanikhin6c@instagram.com,Female
230,Danie,Baytrop,dbaytrop6d@over-blog.com,Male
231,Jacynth,Adenot,jadenot6e@cargocollective.com,Female
232,Bibbie,Twine,btwine6f@shareasale.com,Female
233,Hasty,Chazelas,hchazelas6g@gmpg.org,Male
234,Brannon,Allston,ballston6h@usatoday.com,Male
235,Merrile,Casson,mcasson6i@sina.com.cn,Female
236,Kacey,Minucci,kminucci6j@zimbio.com,Female
237,Dorri,Collyer,dcollyer6k@about.com,Female
238,Constantine,Merryman,cmerryman6l@linkedin.com,Female
239,Sheridan,Scorrer,sscorrer6m@economist.com,Male
240,Niles,Lyburn,nlyburn6n@linkedin.com,Male
241,Ede,Zuan,ezuan6o@smugmug.com,Female
242,Quincy,de Wilde,qdewilde6p@dedecms.com,Male
243,Blondelle,Andres,bandres6q@tiny.cc,Female
244,Gerhardine,Charlet,gcharlet6r@nsw.gov.au,Female
245,Justine,Tubbs,jtubbs6s@techcrunch.com,Female
246,Bartram,Seamon,bseamon6t@diigo.com,Male
247,Renault,Kivelle,rkivelle6u@engadget.com,Male
248,Forster,Garthside,fgarthside6v@oaic.gov.au,Male
249,Dacie,Kayne,dkayne6w@gnu.org,Female
250,Forrest,Dodge,fdodge6x@zimbio.com,Male
251,Halimeda,Garnham,hgarnham6y@i2i.jp,Female
252,Georgeanna,McVeagh,gmcveagh6z@cargocollective.com,Female
253,Art,Matissoff,amatissoff70@ycombinator.com,Male
254,Katharina,Hemerijk,khemerijk71@china.com.cn,Female
255,Maxie,Liveley,mliveley72@usatoday.com,Male
256,Cris,Maybey,cmaybey73@cargocollective.com,Male
257,Zorine,Snelgrove,zsnelgrove74@sphinn.com,Female
258,Brucie,Ellerman,bellerman75@businessinsider.com,Male
259,Ron,Naptine,rnaptine76@blog.com,Male
260,Bunny,Phillip,bphillip77@sohu.com,Female
261,Chancey,Aleksandrikin,caleksandrikin78@acquirethisname.com,Male
262,Gan,Morse,gmorse79@archive.org,Male
263,Jacobo,Pawlaczyk,jpawlaczyk7a@mozilla.com,Male
264,Lewiss,Caroll,lcaroll7b@latimes.com,Male
265,Dreddy,Moppett,dmoppett7c@opensource.org,Female
266,Arther,Seeman,aseeman7d@ihg.com,Male
267,Cele,Muldrew,cmuldrew7e@phpbb.com,Female
268,Say,Chadburn,schadburn7f@loc.gov,Male
269,Jareb,Calley,jcalley7g@quantcast.com,Male
270,Brocky,Korneichik,bkorneichik7h@xinhuanet.com,Male
271,Iver,Huke,ihuke7i@bloglovin.com,Male
272,Paulita,McGeorge,pmcgeorge7j@booking.com,Female
273,Isaiah,Sheards,isheards7k@eventbrite.com,Male
274,Laurice,Copner,lcopner7l@techcrunch.com,Female
275,Garwood,Bridle,gbridle7m@house.gov,Male
276,Nevins,Stritton,nstritton7n@clickbank.net,Male
277,Amy,Di Batista,adibatista7o@opensource.org,Female
278,Gustav,Fend,gfend7p@vk.com,Male
279,Janifer,Legh,jlegh7q@dedecms.com,Female
280,Gabbi,Gauntley,ggauntley7r@reverbnation.com,Female
281,Audre,Senchenko,asenchenko7s@sina.com.cn,Female
282,Jacenta,Needs,jneeds7t@i2i.jp,Female
283,Louisa,Elphey,lelphey7u@ask.com,Female
284,Otho,Binnell,obinnell7v@foxnews.com,Male
285,Emlyn,Ricardot,ericardot7w@patch.com,Female
286,Goraud,Purdie,gpurdie7x@slate.com,Male
287,Dalt,Kershaw,dkershaw7y@ebay.co.uk,Male
288,Mikaela,Illem,millem7z@apache.org,Female
289,Brok,McDuffie,bmcduffie80@dagondesign.com,Male
290,Ruthe,Moorfield,rmoorfield81@cam.ac.uk,Female
291,Rice,Castledine,rcastledine82@fc2.com,Male
292,Gabriell,Espadero,gespadero83@odnoklassniki.ru,Female
293,Michaella,Harnett,mharnett84@independent.co.uk,Female
294,Rosalinda,Eicheler,reicheler85@youku.com,Female
295,Victor,Kerbey,vkerbey86@bbb.org,Male
296,Germayne,Nesbeth,gnesbeth87@nih.gov,Male
297,Harcourt,Froschauer,hfroschauer88@dion.ne.jp,Male
298,Minnnie,Hunday,mhunday89@bravesites.com,Female
299,Evelina,Faithfull,efaithfull8a@jigsy.com,Female
300,Annabelle,Soles,asoles8b@naver.com,Female
301,Grannie,Womack,gwomack8c@phoca.cz,Male
302,Kahlil,Grubb,kgrubb8d@si.edu,Male
303,Ezri,Tantum,etantum8e@fc2.com,Male
304,Dode,Aitchison,daitchison8f@reverbnation.com,Female
305,Sterling,Marcussen,smarcussen8g@senate.gov,Male
306,Selle,Jobin,sjobin8h@weibo.com,Female
307,Cris,Olifard,colifard8i@buzzfeed.com,Male
308,Franny,Faivre,ffaivre8j@si.edu,Female
309,Tymon,Springall,tspringall8k@engadget.com,Male
310,Ossie,Bewsey,obewsey8l@paypal.com,Male
311,Burl,Scoyles,bscoyles8m@sogou.com,Male
312,Carmela,Helsby,chelsby8n@tinyurl.com,Female
313,Matilda,Rosenstein,mrosenstein8o@uol.com.br,Female
314,Elton,Rozycki,erozycki8p@bbc.co.uk,Male
315,Addy,Calken,acalken8q@usatoday.com,Female
316,Merrilee,Farrow,mfarrow8r@wiley.com,Female
317,Martina,Hebborn,mhebborn8s@loc.gov,Female
318,Gardner,Martindale,gmartindale8t@usatoday.com,Male
319,Constancia,Wellesley,cwellesley8u@biblegateway.com,Female
320,Flossi,Braidwood,fbraidwood8v@phoca.cz,Female
321,Alberik,Bernot,abernot8w@vistaprint.com,Male
322,Alexis,Pearmine,apearmine8x@dedecms.com,Female
323,Haily,Seath,hseath8y@tinypic.com,Male
324,Korry,Enstone,kenstone8z@baidu.com,Female
325,Tito,Hugland,thugland90@irs.gov,Male
326,Skylar,Gallagher,sgallagher91@businessweek.com,Male
327,Ev,Woollett,ewoollett92@stanford.edu,Male
328,Tye,Gladdolph,tgladdolph93@google.nl,Male
329,Ambrose,Gadaud,agadaud94@hp.com,Male
330,Rebeka,Imlock,rimlock95@thetimes.co.uk,Female
331,Nataniel,Gonet,ngonet96@artisteer.com,Male
332,Bastien,Cohen,bcohen97@buzzfeed.com,Male
333,Calhoun,Lupton,clupton98@slate.com,Male
334,Barris,Ruste,bruste99@nbcnews.com,Male
335,Shanan,Gyrgorcewicx,sgyrgorcewicx9a@ebay.co.uk,Male
336,Carlie,Bilbrey,cbilbrey9b@github.io,Male
337,Arnuad,Cabera,acabera9c@histats.com,Male
338,Annamaria,Gurr,agurr9d@who.int,Female
339,Terry,Thieme,tthieme9e@msn.com,Female
340,Blondie,Brockhurst,bbrockhurst9f@1688.com,Female
341,Fairleigh,Careless,fcareless9g@pinterest.com,Male
342,Vere,Gallaher,vgallaher9h@virginia.edu,Female
343,Charlot,Barneveld,cbarneveld9i@alexa.com,Female
344,Odey,Bolsteridge,obolsteridge9j@nbcnews.com,Male
345,Park,Weems,pweems9k@si.edu,Male
346,Upton,Shipston,ushipston9l@fda.gov,Male
347,Berty,Anyene,banyene9m@unblog.fr,Female
348,Skell,Rooksby,srooksby9n@amazonaws.com,Male
349,Orrin,Arrault,oarrault9o@tripadvisor.com,Male
350,Derek,Cadding,dcadding9p@cargocollective.com,Male
351,Clareta,Kirkby,ckirkby9q@yale.edu,Female
352,Danell,Henriques,dhenriques9r@rakuten.co.jp,Female
353,Llewellyn,Tull,ltull9s@furl.net,Male
354,Bird,Bloomfield,bbloomfield9t@google.co.uk,Female
355,Ramon,Gutridge,rgutridge9u@tumblr.com,Male
356,Allister,Vautre,avautre9v@cbslocal.com,Male
357,Prescott,Juszkiewicz,pjuszkiewicz9w@odnoklassniki.ru,Male
358,Dominik,Tatchell,dtatchell9x@google.it,Male
359,Isobel,Colley,icolley9y@google.ca,Female
360,Margarita,Feely,mfeely9z@ted.com,Female
361,Howie,Croughan,hcroughana0@1688.com,Male
362,Ellsworth,Pflieger,epfliegera1@senate.gov,Male
363,Maximilian,Dignall,mdignalla2@barnesandnoble.com,Male
364,Barbi,Esser,bessera3@toplist.cz,Female
365,Brenden,Bernardon,bbernardona4@amazon.co.jp,Male
366,Matt,Westfalen,mwestfalena5@cocolog-nifty.com,Male
367,Yolane,Croxley,ycroxleya6@wikispaces.com,Female
368,Thorvald,Goding,tgodinga7@elpais.com,Male
369,Avram,Phillimore,aphillimorea8@businessinsider.com,Male
370,Queenie,Swalough,qswalougha9@google.com.au,Female
371,Thaddus,Hacquoil,thacquoilaa@mysql.com,Male
372,Bron,Cabena,bcabenaab@china.com.cn,Male
373,Timmie,Karet,tkaretac@engadget.com,Male
374,Sonny,Gravells,sgravellsad@tripadvisor.com,Male
375,Wilbert,Croal,wcroalae@engadget.com,Male
376,Nobie,Garth,ngarthaf@bloglovin.com,Male
377,Chelsey,Kelshaw,ckelshawag@typepad.com,Female
378,Duffy,St. Leger,dstlegerah@prnewswire.com,Male
379,Desi,Joriot,djoriotai@xing.com,Male
380,Sherwood,Honig,shonigaj@bloglines.com,Male
381,Aloisia,Spalton,aspaltonak@alibaba.com,Female
382,Jamil,Adger,jadgeral@people.com.cn,Male
383,Laural,Del Castello,ldelcastelloam@java.com,Female
384,Shelton,Varga,svargaan@prlog.org,Male
385,Rob,Boyat,rboyatao@apple.com,Male
386,Reinhard,Jarmaine,rjarmaineap@chron.com,Male
387,Bebe,Dumbar,bdumbaraq@businessinsider.com,Female
388,Waylen,O'Hone,wohonear@yahoo.co.jp,Male
389,Sayres,Snodden,ssnoddenas@imgur.com,Male
390,Francois,Jillins,fjillinsat@wunderground.com,Male
391,Raven,Brussell,rbrussellau@economist.com,Female
392,Crin,Maestro,cmaestroav@1und1.de,Female
393,Bard,Denford,bdenfordaw@census.gov,Male
394,Titus,Jagiela,tjagielaax@ucoz.ru,Male
395,Charley,Catonne,ccatonneay@cargocollective.com,Male
396,Alyssa,Oboy,aoboyaz@wired.com,Female
397,Carlota,Crielly,ccriellyb0@digg.com,Female
398,Fania,Telling,ftellingb1@dailymail.co.uk,Female
399,Betteanne,Bolens,bbolensb2@loc.gov,Female
400,Georgie,Tace,gtaceb3@msu.edu,Male
401,Hali,Wenban,hwenbanb4@tripadvisor.com,Female
402,Denyse,Ginnaly,dginnalyb5@networksolutions.com,Female
403,Gram,Hegg,gheggb6@unesco.org,Male
404,Alix,Copeland,acopelandb7@oaic.gov.au,Female
405,Nealy,Otson,notsonb8@webs.com,Male
406,Bastien,Faughey,bfaugheyb9@phpbb.com,Male
407,Powell,Steinhammer,psteinhammerba@home.pl,Male
408,Xavier,Arnowitz,xarnowitzbb@umn.edu,Male
409,Giuseppe,Mines,gminesbc@fda.gov,Male
410,Ware,Eborall,weborallbd@slideshare.net,Male
411,Anselm,Jakeman,ajakemanbe@printfriendly.com,Male
412,Lars,Ashbridge,lashbridgebf@goo.gl,Male
413,Ferne,Goves,fgovesbg@themeforest.net,Female
414,Deeanne,Texton,dtextonbh@dyndns.org,Female
415,Rudy,O' Culligan,roculliganbi@amazon.co.jp,Male
416,Travers,Btham,tbthambj@reddit.com,Male
417,Adelice,Bowditch,abowditchbk@fotki.com,Female
418,Braden,Jancey,bjanceybl@upenn.edu,Male
419,Marcelo,Braunds,mbraundsbm@devhub.com,Male
420,Hilario,Keysall,hkeysallbn@zdnet.com,Male
421,Pavia,Harmer,pharmerbo@ucoz.com,Female
422,Diana,Bland,dblandbp@nsw.gov.au,Female
423,Jerad,Moloney,jmoloneybq@ted.com,Male
424,Charlena,Spowage,cspowagebr@yandex.ru,Female
425,Oona,Ropking,oropkingbs@hhs.gov,Female
426,Shana,Olivelli,solivellibt@360.cn,Female
427,Griswold,Lober,globerbu@about.me,Male
428,Cullan,Rampage,crampagebv@wufoo.com,Male
429,Renee,Morey,rmoreybw@theglobeandmail.com,Female
430,Reuven,Brownsea,rbrownseabx@craigslist.org,Male
431,Vincent,Poynton,vpoyntonby@nydailynews.com,Male
432,Malvina,Vasser,mvasserbz@rediff.com,Female
433,Piotr,Belford,pbelfordc0@ftc.gov,Male
434,Micheil,Willox,mwilloxc1@bizjournals.com,Male
435,Ransom,Hilldrop,rhilldropc2@barnesandnoble.com,Male
436,Bertine,Annwyl,bannwylc3@ftc.gov,Female
437,Wadsworth,Dami,wdamic4@live.com,Male
438,Viviene,Sandells,vsandellsc5@weebly.com,Female
439,Sayre,Middup,smiddupc6@mozilla.com,Female
440,Pasquale,Sanday,psandayc7@hugedomains.com,Male
441,Madeleine,Hanlin,mhanlinc8@washingtonpost.com,Female
442,Roxana,Mc Ilory,rmciloryc9@xing.com,Female
443,Johna,Witterick,jwitterickca@spotify.com,Female
444,Jere,MacGeffen,jmacgeffencb@moonfruit.com,Female
445,Gardener,Durrett,gdurrettcc@state.tx.us,Male
446,Jan,Mynett,jmynettcd@theglobeandmail.com,Female
447,Sande,Rosindill,srosindillce@ebay.com,Female
448,Willy,Dignam,wdignamcf@ehow.com,Female
449,Mira,Teale,mtealecg@fastcompany.com,Female
450,Emmalynne,Croney,ecroneych@hhs.gov,Female
451,Kylie,Vasyunkin,kvasyunkinci@webs.com,Male
452,Penn,MacGahey,pmacgaheycj@uol.com.br,Male
453,Lyndsey,Guttridge,lguttridgeck@liveinternet.ru,Female
454,Dud,Aplin,daplincl@scribd.com,Male
455,Lenette,Bambridge,lbambridgecm@flavors.me,Female
456,Reggi,Stoll,rstollcn@abc.net.au,Female
457,Pearce,MacFall,pmacfallco@jigsy.com,Male
458,Waneta,Zemler,wzemlercp@nyu.edu,Female
459,Maryrose,Bodill,mbodillcq@mapy.cz,Female
460,Celie,Dunnet,cdunnetcr@slideshare.net,Female
461,Irvin,Rizzetti,irizzettics@dailymail.co.uk,Male
462,Correna,Charon,ccharonct@slashdot.org,Female
463,Willie,Lamcken,wlamckencu@netvibes.com,Male
464,Nerta,Stamp,nstampcv@blog.com,Female
465,Kipp,Alishoner,kalishonercw@amazon.com,Male
466,Darb,Chong,dchongcx@domainmarket.com,Male
467,Kimball,Vauter,kvautercy@myspace.com,Male
468,Jerry,Barnfield,jbarnfieldcz@opensource.org,Male
469,Lionello,Overbury,loverburyd0@blog.com,Male
470,Bart,Boldt,bboldtd1@oaic.gov.au,Male
471,Karol,Swinyard,kswinyardd2@list-manage.com,Female
472,Bertrand,Sandcraft,bsandcraftd3@networksolutions.com,Male
473,Abran,Crickmoor,acrickmoord4@163.com,Male
474,Anthia,De Francisci,adefranciscid5@goo.ne.jp,Female
475,Carolyn,Savary,csavaryd6@google.pl,Female
476,Joscelin,Netherclift,jnethercliftd7@mlb.com,Female
477,Egbert,Taaffe,etaaffed8@cyberchimps.com,Male
478,Morgun,Spaule,mspauled9@hp.com,Male
479,Gasparo,McEwan,gmcewanda@samsung.com,Male
480,Riobard,Wisbey,rwisbeydb@reference.com,Male
481,Carney,Simnel,csimneldc@storify.com,Male
482,Hermione,Tomblings,htomblingsdd@tinyurl.com,Female
483,Garv,Farnon,gfarnonde@wunderground.com,Male
484,Sibby,Peepall,speepalldf@unc.edu,Female
485,Garth,Randall,grandalldg@kickstarter.com,Male
486,Florie,Teape,fteapedh@pbs.org,Female
487,Aksel,Luxton,aluxtondi@unblog.fr,Male
488,Jessee,Alberts,jalbertsdj@parallels.com,Male
489,Gerri,Rosenfelt,grosenfeltdk@slate.com,Female
490,Bailey,Dedman,bdedmandl@homestead.com,Male
491,Celine,Raycroft,craycroftdm@china.com.cn,Female
492,Dudley,Filippozzi,dfilippozzidn@github.com,Male
493,Jocelin,Rainbird,jrainbirddo@slashdot.org,Female
494,Archer,Spencock,aspencockdp@usatoday.com,Male
495,Janine,Minguet,jminguetdq@bandcamp.com,Female
496,Klement,Lapthorne,klapthornedr@fda.gov,Male
497,Sergent,McNickle,smcnickleds@newyorker.com,Male
498,Daloris,Asel,daseldt@trellian.com,Female
499,Elora,Jordeson,ejordesondu@ucoz.ru,Female
500,Asher,Clutterbuck,aclutterbuckdv@house.gov,Male
501,Gabbey,Kohler,gkohlerdw@unicef.org,Female
502,Alonso,Thomasen,athomasendx@adobe.com,Male
503,Linda,Grinham,lgrinhamdy@t-online.de,Female
504,Dex,Cottey,dcotteydz@zdnet.com,Male
505,Biddie,Mallabar,bmallabare0@tinyurl.com,Female
506,Beauregard,Rountree,brountreee1@ifeng.com,Male
507,Meggie,Eyckelbeck,meyckelbecke2@goodreads.com,Female
508,Lind,Daley,ldaleye3@cargocollective.com,Male
509,Sawyere,Iaduccelli,siaduccellie4@istockphoto.com,Male
510,Andromache,Desporte,adesportee5@gizmodo.com,Female
511,Matthiew,Craft,mcrafte6@devhub.com,Male
512,Druci,Blanque,dblanquee7@ox.ac.uk,Female
513,Seamus,Goodered,sgooderede8@hubpages.com,Male
514,Caitlin,Risman,crismane9@blogger.com,Female
515,Phillipe,Cosh,pcoshea@parallels.com,Male
516,Mike,Chaffin,mchaffineb@exblog.jp,Male
517,Curtice,Cottle,ccottleec@linkedin.com,Male
518,Jacqueline,Egdale,jegdaleed@feedburner.com,Female
519,Josias,Maus,jmausee@state.gov,Male
520,Noach,Libero,nliberoef@prlog.org,Male
521,Eulalie,Scrowton,escrowtoneg@yandex.ru,Female
522,Don,Lidington,dlidingtoneh@state.tx.us,Male
523,Letitia,Aukland,lauklandei@baidu.com,Female
524,Lou,Dobbin,ldobbinej@sitemeter.com,Male
525,Greer,Mournian,gmournianek@newyorker.com,Female
526,Sonnie,Joicey,sjoiceyel@gizmodo.com,Male
527,Tanny,Gaddie,tgaddieem@bravesites.com,Male
528,Hendrick,Quadri,hquadrien@constantcontact.com,Male
529,Lambert,Pargent,lpargenteo@harvard.edu,Male
530,Elia,Blais,eblaisep@nsw.gov.au,Male
531,June,Wildblood,jwildbloodeq@over-blog.com,Female
532,Benedikta,Clutten,bcluttener@earthlink.net,Female
533,Ted,Batter,tbatteres@shop-pro.jp,Male
534,Fayette,MacDermid,fmacdermidet@slideshare.net,Female
535,Val,Beckford,vbeckfordeu@comcast.net,Female
536,Brade,Tape,btapeev@amazonaws.com,Male
537,Samuele,Torpie,storpieew@dropbox.com,Male
538,Grove,Kilalea,gkilaleaex@1und1.de,Male
539,Bentlee,Croyden,bcroydeney@miitbeian.gov.cn,Male
540,Katee,Ivchenko,kivchenkoez@51.la,Female
541,Jaime,Crosston,jcrosstonf0@thetimes.co.uk,Female
542,Danila,Osgorby,dosgorbyf1@marketwatch.com,Female
543,Brinna,Mc Meekan,bmcmeekanf2@amazon.com,Female
544,Siana,Varden,svardenf3@about.me,Female
545,Neall,Denham,ndenhamf4@opera.com,Male
546,Hallie,Gerasch,hgeraschf5@google.ru,Female
547,Dev,Russam,drussamf6@blogger.com,Male
548,Tracey,Langthorn,tlangthornf7@cdbaby.com,Female
549,Marylinda,Lynnett,mlynnettf8@github.com,Female
550,Sheff,Hartridge,shartridgef9@eepurl.com,Male
551,Johny,Attkins,jattkinsfa@gmpg.org,Male
552,Hyacinthe,MacLaverty,hmaclavertyfb@google.com.br,Female
553,Wakefield,Baison,wbaisonfc@bloglines.com,Male
554,Deina,Moyer,dmoyerfd@wordpress.com,Female
555,Allan,Thorouggood,athorouggoodfe@posterous.com,Male
556,Harmon,Gashion,hgashionff@discuz.net,Male
557,Christophorus,Benko,cbenkofg@sfgate.com,Male
558,Leonanie,Ciraldo,lciraldofh@spiegel.de,Female
559,Sherry,Davidai,sdavidaifi@scribd.com,Female
560,Verna,Inkpin,vinkpinfj@quantcast.com,Female
561,Babs,Andreassen,bandreassenfk@bigcartel.com,Female
562,Adrienne,Connal,aconnalfl@soundcloud.com,Female
563,Nicolea,Bass,nbassfm@devhub.com,Female
564,Dale,Burling,dburlingfn@godaddy.com,Male
565,Aleda,Wayt,awaytfo@opensource.org,Female
566,Roley,Gossington,rgossingtonfp@canalblog.com,Male
567,Barbabas,Bispo,bbispofq@comcast.net,Male
568,Nanette,Whittington,nwhittingtonfr@ucoz.ru,Female
569,Loree,Poile,lpoilefs@engadget.com,Female
570,Olin,Towson,otowsonft@mtv.com,Male
571,Laurence,Catterall,lcatterallfu@ezinearticles.com,Male
572,Garvey,Colborn,gcolbornfv@yahoo.com,Male
573,Tobias,Grellier,tgrellierfw@slate.com,Male
574,Vitia,Wooff,vwoofffx@indiatimes.com,Female
575,Crosby,Sangra,csangrafy@admin.ch,Male
576,Hildegaard,Bellini,hbellinifz@weibo.com,Female
577,Ronnie,Mitford,rmitfordg0@nhs.uk,Female
578,Vicky,Croke,vcrokeg1@thetimes.co.uk,Female
579,Sari,McEnhill,smcenhillg2@issuu.com,Female
580,Lemar,Lemary,llemaryg3@posterous.com,Male
581,Brigg,Giddings,bgiddingsg4@mtv.com,Male
582,Harri,Pontefract,hpontefractg5@mac.com,Female
583,Jackquelin,Glinde,jglindeg6@netlog.com,Female
584,Owen,Grolmann,ogrolmanng7@twitpic.com,Male
585,Guthrie,Marlin,gmarling8@icio.us,Male
586,Justus,Warre,jwarreg9@friendfeed.com,Male
587,Katha,Ugoletti,kugolettiga@nps.gov,Female
588,Ernestine,Biner,ebinergb@archive.org,Female
589,Tersina,Mynett,tmynettgc@jimdo.com,Female
590,Claudianus,Piddock,cpiddockgd@google.com.br,Male
591,Ashien,Clewlow,aclewlowge@adobe.com,Female
592,Xenia,Swinford,xswinfordgf@networksolutions.com,Female
593,Gladi,Laydon,glaydongg@storify.com,Female
594,Nanine,Lello,nlellogh@dyndns.org,Female
595,Crissie,Rouzet,crouzetgi@aol.com,Female
596,Boyd,Guest,bguestgj@boston.com,Male
597,Carla,Gason,cgasongk@weibo.com,Female
598,Saidee,Duck,sduckgl@joomla.org,Female
599,Dolf,Klos,dklosgm@sciencedirect.com,Male
600,Dosi,St. Hill,dsthillgn@fema.gov,Female
601,Corby,Hurnell,churnellgo@google.co.jp,Male
602,Margarita,Buffey,mbuffeygp@umich.edu,Female
603,Bernetta,Andren,bandrengq@gmpg.org,Female
604,Jess,Durrand,jdurrandgr@harvard.edu,Male
605,Marybelle,Castle,mcastlegs@huffingtonpost.com,Female
606,Saleem,Surman,ssurmangt@webmd.com,Male
607,Layton,Fairburne,lfairburnegu@smh.com.au,Male
608,Arlie,D'Aulby,adaulbygv@creativecommons.org,Female
609,Holden,Mitchely,hmitchelygw@google.co.jp,Male
610,Phip,Loudon,ploudongx@typepad.com,Male
611,Olin,Zanazzi,ozanazzigy@cam.ac.uk,Male
612,Rey,Prester,rprestergz@photobucket.com,Male
613,Allard,Karlsen,akarlsenh0@nps.gov,Male
614,Romona,Francesc,rfrancesch1@infoseek.co.jp,Female
615,Percy,Kegley,pkegleyh2@yahoo.co.jp,Male
616,Patrizia,Duxbury,pduxburyh3@friendfeed.com,Female
617,Iago,Enbury,ienburyh4@sakura.ne.jp,Male
618,Bennie,De la Yglesia,bdelayglesiah5@fotki.com,Male
619,Melony,O'Hoolahan,mohoolahanh6@bloglines.com,Female
620,Arden,MacGillivray,amacgillivrayh7@hubpages.com,Female
621,Janka,Farfalameev,jfarfalameevh8@over-blog.com,Female
622,Drugi,Kauscher,dkauscherh9@zimbio.com,Male
623,Vinson,Antushev,vantushevha@yandex.ru,Male
624,Thomasina,Georgeot,tgeorgeothb@ovh.net,Female
625,Harli,Crimpe,hcrimpehc@g.co,Female
626,Normand,Newbury,nnewburyhd@people.com.cn,Male
627,Hagen,Facchini,hfacchinihe@wp.com,Male
628,Margarethe,Abisetti,mabisettihf@google.com.br,Female
629,Auria,Rubert,aruberthg@usda.gov,Female
630,Dyna,Lukasen,dlukasenhh@telegraph.co.uk,Female
631,Robb,Pemble,rpemblehi@wikipedia.org,Male
632,Karlotte,Fontes,kfonteshj@edublogs.org,Female
633,Rosabella,Defond,rdefondhk@comsenz.com,Female
634,Clarance,Mucklestone,cmucklestonehl@ebay.co.uk,Male
635,Gasper,Patshull,gpatshullhm@dyndns.org,Male
636,Audrye,Gayter,agayterhn@desdev.cn,Female
637,Bentlee,Forstall,bforstallho@godaddy.com,Male
638,Lauralee,Parr,lparrhp@google.co.jp,Female
639,Graig,Pieterick,gpieterickhq@lycos.com,Male
640,Elinor,Conry,econryhr@google.pl,Female
641,Woodman,MacMillan,wmacmillanhs@squarespace.com,Male
642,Bibby,Corah,bcorahht@lulu.com,Female
643,Aura,Whitecross,awhitecrosshu@tuttocitta.it,Female
644,Wynny,Snook,wsnookhv@house.gov,Female
645,Colby,Finnick,cfinnickhw@google.co.uk,Male
646,Shelli,Ludlom,sludlomhx@virginia.edu,Female
647,Hedi,Dady,hdadyhy@hibu.com,Female
648,Willdon,Dyke,wdykehz@comsenz.com,Male
649,Bethanne,Holstein,bholsteini0@blogtalkradio.com,Female
650,Shaina,Edelheit,sedelheiti1@amazon.de,Female
651,Nicolina,O'Suaird,nosuairdi2@kickstarter.com,Female
652,Georg,Maliphant,gmaliphanti3@w3.org,Male
653,Hyacinthe,Crabtree,hcrabtreei4@earthlink.net,Female
654,Dillie,Soldi,dsoldii5@uol.com.br,Male
655,Mort,Firpi,mfirpii6@comsenz.com,Male
656,Haslett,Moorcraft,hmoorcrafti7@tiny.cc,Male
657,Joana,Bendix,jbendixi8@psu.edu,Female
658,Emmet,Oxherd,eoxherdi9@infoseek.co.jp,Male
659,Shana,Clamo,sclamoia@barnesandnoble.com,Female
660,Christina,Carwardine,ccarwardineib@disqus.com,Female
661,Bruis,Trevenu,btrevenuic@paginegialle.it,Male
662,Clementius,Chadwen,cchadwenid@skype.com,Male
663,Julietta,Hryniewicki,jhryniewickiie@deliciousdays.com,Female
664,Leoine,Kornes,lkornesif@cyberchimps.com,Female
665,Aldo,Loncaster,aloncasterig@dedecms.com,Male
666,Ailsun,MacPherson,amacphersonih@ameblo.jp,Female
667,Briney,Fee,bfeeii@hao123.com,Female
668,Kaylyn,Ellacott,kellacottij@yahoo.com,Female
669,Kerwin,Ruff,kruffik@upenn.edu,Male
670,Robby,Suller,rsulleril@oaic.gov.au,Male
671,Zilvia,Rummin,zrumminim@jigsy.com,Female
672,Maighdiln,Praundl,mpraundlin@blogtalkradio.com,Female
673,Bobette,Grayer,bgrayerio@google.cn,Female
674,Dugald,Leicester,dleicesterip@about.com,Male
675,Chaunce,Nuccitelli,cnuccitelliiq@edublogs.org,Male
676,Alina,Phare,aphareir@businessweek.com,Female
677,Dawna,Montacute,dmontacuteis@latimes.com,Female
678,Lorrie,Manolov,lmanolovit@surveymonkey.com,Male
679,Brenna,Trengrouse,btrengrouseiu@photobucket.com,Female
680,Marianne,McCard,mmccardiv@phpbb.com,Female
681,Derick,Stodhart,dstodhartiw@barnesandnoble.com,Male
682,Brand,Paulmann,bpaulmannix@cyberchimps.com,Male
683,Jerry,Keely,jkeelyiy@a8.net,Male
684,Evangelina,Liptrot,eliptrotiz@engadget.com,Female
685,Wynn,Stolting,wstoltingj0@telegraph.co.uk,Female
686,Hazlett,Conkey,hconkeyj1@telegraph.co.uk,Male
687,Gerard,Maffey,gmaffeyj2@miibeian.gov.cn,Male
688,Jecho,Reckless,jrecklessj3@godaddy.com,Male
689,Meghann,Missenden,mmissendenj4@nature.com,Female
690,Alexandre,Klaesson,aklaessonj5@china.com.cn,Male
691,Sybille,Hunstone,shunstonej6@biglobe.ne.jp,Female
692,Cherianne,Marzellano,cmarzellanoj7@oakley.com,Female
693,Park,Eisak,peisakj8@cdbaby.com,Male
694,La verne,Hartil,lhartilj9@wikispaces.com,Female
695,Chance,Gepson,cgepsonja@si.edu,Male
696,Mayor,Pickerin,mpickerinjb@opera.com,Male
697,Desmund,Treasure,dtreasurejc@twitter.com,Male
698,Marty,Betz,mbetzjd@cmu.edu,Female
699,Deidre,Stopher,dstopherje@hc360.com,Female
700,Inglebert,Binham,ibinhamjf@usnews.com,Male
701,Tara,Evitt,tevittjg@ovh.net,Female
702,Shanda,Jewks,sjewksjh@biglobe.ne.jp,Female
703,Quintin,Malter,qmalterji@wired.com,Male
704,Livvyy,Knightly,lknightlyjj@samsung.com,Female
705,Althea,Washtell,awashtelljk@imdb.com,Female
706,Edyth,Jeffery,ejefferyjl@360.cn,Female
707,Aurelia,Reinhard,areinhardjm@nationalgeographic.com,Female
708,Pamelina,Clack,pclackjn@geocities.com,Female
709,Charis,Nund,cnundjo@microsoft.com,Female
710,Guido,Gillespey,ggillespeyjp@statcounter.com,Male
711,Kelcie,Small,ksmalljq@livejournal.com,Female
712,Trace,Prayer,tprayerjr@comsenz.com,Male
713,Verna,Traut,vtrautjs@nasa.gov,Female
714,Reider,Davidovitz,rdavidovitzjt@odnoklassniki.ru,Male
715,Briano,Redwood,bredwoodju@multiply.com,Male
716,Chrystel,Wayt,cwaytjv@woothemes.com,Female
717,Christoforo,Self,cselfjw@cnbc.com,Male
718,Nils,Pendlebury,npendleburyjx@hostgator.com,Male
719,Lyon,Farahar,lfaraharjy@europa.eu,Male
720,Pall,Ankrett,pankrettjz@bloglovin.com,Male
721,Staffard,Hammerson,shammersonk0@hud.gov,Male
722,Lauren,Pachta,lpachtak1@freewebs.com,Male
723,Washington,Berens,wberensk2@yahoo.co.jp,Male
724,Carry,Copestick,ccopestickk3@dell.com,Female
725,Barbee,Zannolli,bzannollik4@thetimes.co.uk,Female
726,Bobbi,L'Amie,blamiek5@slashdot.org,Female
727,Loralyn,Morse,lmorsek6@dropbox.com,Female
728,Trude,Gabites,tgabitesk7@discovery.com,Female
729,Jarad,Harvett,jharvettk8@go.com,Male
730,Cinnamon,Juliff,cjuliffk9@ucoz.com,Female
731,Ferdy,Gettings,fgettingska@vinaora.com,Male
732,Anya,Crossan,acrossankb@angelfire.com,Female
733,Kalil,Berling,kberlingkc@wiley.com,Male
734,Bonni,Girardy,bgirardykd@goo.gl,Female
735,Jehu,Copcott,jcopcottke@spiegel.de,Male
736,Valerye,Kalewe,vkalewekf@printfriendly.com,Female
737,Jacklyn,Strettle,jstrettlekg@ft.com,Female
738,Hew,Krauze,hkrauzekh@about.com,Male
739,Beauregard,Sargint,bsargintki@myspace.com,Male
740,Haley,Kellet,hkelletkj@baidu.com,Female
741,Royal,Heller,rhellerkk@homestead.com,Male
742,Eachelle,Caghan,ecaghankl@xinhuanet.com,Female
743,Franklin,Gout,fgoutkm@reddit.com,Male
744,Paxton,Crutchfield,pcrutchfieldkn@feedburner.com,Male
745,Dorice,Strotone,dstrotoneko@ebay.com,Female
746,Shellie,Shakshaft,sshakshaftkp@mit.edu,Female
747,Quent,Ivimy,qivimykq@themeforest.net,Male
748,Vannie,Larmet,vlarmetkr@pbs.org,Female
749,Dur,Orgen,dorgenks@1688.com,Male
750,Leonora,Clair,lclairkt@admin.ch,Female
751,Egan,Buchett,ebuchettku@harvard.edu,Male
752,Giacobo,McGrail,gmcgrailkv@bbb.org,Male
753,Catlaina,Bristowe,cbristowekw@mediafire.com,Female
754,Mitchael,Ruppeli,mruppelikx@samsung.com,Male
755,Egbert,Conrad,econradky@tiny.cc,Male
756,Christiano,Faye,cfayekz@foxnews.com,Male
757,Barrie,Le Barre,blebarrel0@virginia.edu,Female
758,Dorothea,Ben-Aharon,dbenaharonl1@google.com.hk,Female
759,Bart,Sephton,bsephtonl2@squarespace.com,Male
760,Dallas,Glandon,dglandonl3@vk.com,Female
761,Michaela,Delbergue,mdelberguel4@angelfire.com,Female
762,Valentijn,Sante,vsantel5@purevolume.com,Male
763,Aldous,Skelding,askeldingl6@alexa.com,Male
764,Hildagard,Frawley,hfrawleyl7@parallels.com,Female
765,Roderic,Marple,rmarplel8@flickr.com,Male
766,Monah,Proudler,mproudlerl9@moonfruit.com,Female
767,Erie,Cooke,ecookela@google.ca,Male
768,Allianora,Hotchkin,ahotchkinlb@list-manage.com,Female
769,Ailis,Durrand,adurrandlc@accuweather.com,Female
770,Filide,Mawson,fmawsonld@google.de,Female
771,Gawain,Aisthorpe,gaisthorpele@privacy.gov.au,Male
772,Sylvia,Arlt,sarltlf@home.pl,Female
773,Car,Batalini,cbatalinilg@eventbrite.com,Male
774,Woody,Carles,wcarleslh@wikia.com,Male
775,Birk,Grace,bgraceli@myspace.com,Male
776,Malina,Folger,mfolgerlj@example.com,Female
777,Tallie,Koop,tkooplk@arstechnica.com,Male
778,Valentine,Dorrell,vdorrellll@howstuffworks.com,Male
779,Washington,Sinson,wsinsonlm@wsj.com,Male
780,Biron,Stormonth,bstormonthln@washington.edu,Male
781,Shannon,Yetts,syettslo@yellowpages.com,Female
782,Abramo,Hendrick,ahendricklp@unesco.org,Male
783,Crissy,Arundell,carundelllq@squidoo.com,Female
784,Jada,Garvie,jgarvielr@usatoday.com,Female
785,Zolly,Citrine,zcitrinels@vkontakte.ru,Male
786,Erena,Vallery,evallerylt@unc.edu,Female
787,Germayne,Furby,gfurbylu@fda.gov,Male
788,Ethelred,Mulberry,emulberrylv@tinypic.com,Male
789,Mamie,Sanger,msangerlw@eepurl.com,Female
790,Lawrence,Duckit,lduckitlx@pagesperso-orange.fr,Male
791,Carlos,Wretham,cwrethamly@addtoany.com,Male
792,Rosalyn,Skunes,rskuneslz@google.nl,Female
793,Roxana,Haugg,rhauggm0@about.me,Female
794,Sergeant,Nester,snesterm1@auda.org.au,Male
795,Burr,Cosker,bcoskerm2@mashable.com,Male
796,Cleavland,Orringe,corringem3@wired.com,Male
797,Wrennie,Tutchings,wtutchingsm4@cmu.edu,Female
798,Susanna,Suter,ssuterm5@howstuffworks.com,Female
799,Nicolis,Tipling,ntiplingm6@canalblog.com,Male
800,Jeri,Litterick,jlitterickm7@hc360.com,Female
801,Blondie,Crevagh,bcrevaghm8@networksolutions.com,Female
802,Mirilla,Phettis,mphettism9@google.it,Female
803,Kendre,Blackborough,kblackboroughma@goo.gl,Female
804,Faina,McGall,fmcgallmb@xing.com,Female
805,Gertrud,Grundon,ggrundonmc@slideshare.net,Female
806,Dorene,Klehn,dklehnmd@latimes.com,Female
807,Zeb,Spoward,zspowardme@nytimes.com,Male
808,Lombard,Duquesnay,lduquesnaymf@barnesandnoble.com,Male
809,Tucky,Foucard,tfoucardmg@jalbum.net,Male
810,Desdemona,Feilden,dfeildenmh@wordpress.com,Female
811,Alasteir,Dawbery,adawberymi@wikimedia.org,Male
812,Etienne,Road,eroadmj@google.co.uk,Male
813,Heath,Vahey,hvaheymk@nps.gov,Female
814,Joannes,Wilfing,jwilfingml@pcworld.com,Female
815,Lisha,Fasset,lfassetmm@state.gov,Female
816,Micky,Bowcock,mbowcockmn@tiny.cc,Female
817,Gris,Redmile,gredmilemo@boston.com,Male
818,Kyla,Farthing,kfarthingmp@europa.eu,Female
819,Minny,Arnaud,marnaudmq@indiatimes.com,Female
820,Geri,Leavesley,gleavesleymr@shinystat.com,Female
821,Ivar,Bradlaugh,ibradlaughms@ibm.com,Male
822,Doreen,Tomankiewicz,dtomankiewiczmt@studiopress.com,Female
823,Emlen,Ingles,einglesmu@skype.com,Male
824,Yehudit,Drillot,ydrillotmv@nbcnews.com,Male
825,Oona,Ealam,oealammw@wunderground.com,Female
826,Skell,Tott,stottmx@rambler.ru,Male
827,Ivett,McAlester,imcalestermy@foxnews.com,Female
828,Brandice,Skerrett,bskerrettmz@surveymonkey.com,Female
829,Kessia,Glenfield,kglenfieldn0@umn.edu,Female
830,Kerry,O'Doran,kodorann1@fotki.com,Female
831,Manfred,McDonagh,mmcdonaghn2@myspace.com,Male
832,Katharina,Winchurch,kwinchurchn3@zdnet.com,Female
833,Lona,Jenik,ljenikn4@google.de,Female
834,Jobi,Vlahos,jvlahosn5@homestead.com,Female
835,Lind,MacLaren,lmaclarenn6@adobe.com,Male
836,Dore,Beushaw,dbeushawn7@comcast.net,Male
837,Susan,Earlam,searlamn8@cnbc.com,Female
838,Gloria,Wurz,gwurzn9@mapy.cz,Female
839,Madeline,Whacket,mwhacketna@foxnews.com,Female
840,Lemuel,Bleasby,lbleasbynb@360.cn,Male
841,Auberta,Tift,atiftnc@nytimes.com,Female
842,Tabitha,Coy,tcoynd@ucoz.ru,Female
843,Rancell,Curd,rcurdne@japanpost.jp,Male
844,Romola,Tidcombe,rtidcombenf@qq.com,Female
845,Levin,O'Hegertie,lohegertieng@apache.org,Male
846,Bernetta,Brittlebank,bbrittlebanknh@oracle.com,Female
847,Eward,Beech,ebeechni@omniture.com,Male
848,Araldo,Barhims,abarhimsnj@ocn.ne.jp,Male
849,Cindee,Sifflett,csifflettnk@cornell.edu,Female
850,Harlin,Yurmanovev,hyurmanovevnl@craigslist.org,Male
851,Bastian,Simioli,bsimiolinm@mapquest.com,Male
852,Leroi,Cleft,lcleftnn@abc.net.au,Male
853,Pegeen,Venners,pvennersno@ebay.com,Female
854,Meghann,Lathy,mlathynp@mapy.cz,Female
855,Raimundo,Punter,rpunternq@google.com,Male
856,Selie,Blucher,sbluchernr@homestead.com,Female
857,Aubine,Merida,ameridans@domainmarket.com,Female
858,Vin,Howsego,vhowsegont@1688.com,Male
859,Caro,Haggarty,chaggartynu@webnode.com,Female
860,Arther,Thirkettle,athirkettlenv@newyorker.com,Male
861,Leonidas,Dulson,ldulsonnw@state.gov,Male
862,Oliviero,Aldins,oaldinsnx@sitemeter.com,Male
863,Hilarius,Lepoidevin,hlepoidevinny@nba.com,Male
864,Eunice,Rowen,erowennz@delicious.com,Female
865,Lesley,Farris,lfarriso0@edublogs.org,Male
866,Willie,Darnborough,wdarnborougho1@hibu.com,Male
867,Tobey,Safont,tsafonto2@yellowbook.com,Female
868,Brandise,Pear,bpearo3@booking.com,Female
869,Morganica,Hampton,mhamptono4@discovery.com,Female
870,Archambault,Verbruggen,averbruggeno5@naver.com,Male
871,Petey,Blenkin,pblenkino6@guardian.co.uk,Male
872,Mischa,Shinfield,mshinfieldo7@chicagotribune.com,Male
873,Harley,MacKenzie,hmackenzieo8@parallels.com,Female
874,Jared,McClenan,jmcclenano9@auda.org.au,Male
875,Emmy,Charity,echarityoa@newsvine.com,Female
876,Welbie,McAtamney,wmcatamneyob@4shared.com,Male
877,Enrique,Jaycock,ejaycockoc@gravatar.com,Male
878,Aurore,Walpole,awalpoleod@auda.org.au,Female
879,Lissa,Gallier,lgallieroe@edublogs.org,Female
880,Esme,Varvell,evarvellof@census.gov,Female
881,Marylynne,Bibby,mbibbyog@wordpress.com,Female
882,Hephzibah,Chant,hchantoh@ezinearticles.com,Female
883,Margie,O'Neill,moneilloi@ucoz.ru,Female
884,Laurena,Longman,llongmanoj@slate.com,Female
885,Pearce,McGebenay,pmcgebenayok@hubpages.com,Male
886,Ruben,Castellet,rcastelletol@live.com,Male
887,Rinaldo,Spellman,rspellmanom@senate.gov,Male
888,Marni,Sadgrove,msadgroveon@sciencedirect.com,Female
889,Adeline,MacCartan,amaccartanoo@nature.com,Female
890,Thornie,Triswell,ttriswellop@netlog.com,Male
891,Vasilis,Bland,vblandoq@issuu.com,Male
892,Kaspar,Blackburn,kblackburnor@craigslist.org,Male
893,Kevan,Fretson,kfretsonos@mozilla.com,Male
894,Domini,Suett,dsuettot@simplemachines.org,Female
895,Doyle,Fazakerley,dfazakerleyou@infoseek.co.jp,Male
896,Lyndy,Christopher,lchristopherov@baidu.com,Female
897,Katine,Ferby,kferbyow@nytimes.com,Female
898,Terencio,Gagin,tgaginox@merriam-webster.com,Male
899,Rivi,Meneghelli,rmeneghellioy@dagondesign.com,Female
900,Hewett,Edmons,hedmonsoz@privacy.gov.au,Male
901,Gardiner,Leftley,gleftleyp0@microsoft.com,Male
902,Lilith,Ledson,lledsonp1@springer.com,Female
903,Torry,Clemson,tclemsonp2@lulu.com,Male
904,Ellswerth,Quinnell,equinnellp3@bloomberg.com,Male
905,Maurizio,Dewett,mdewettp4@netlog.com,Male
906,Rasia,Margrem,rmargremp5@discovery.com,Female
907,Breena,Raynor,braynorp6@addthis.com,Female
908,Anjela,Stutt,astuttp7@goo.gl,Female
909,Shelly,Candie,scandiep8@mit.edu,Female
910,Benny,Brack,bbrackp9@over-blog.com,Male
911,Donnajean,Peeters,dpeeterspa@ebay.com,Female
912,Wood,Goodlet,wgoodletpb@trellian.com,Male
913,Cati,Bly,cblypc@ifeng.com,Female
914,Molli,Whatley,mwhatleypd@nba.com,Female
915,Hamilton,Chese,hchesepe@mozilla.org,Male
916,Selie,Wynrahame,swynrahamepf@yale.edu,Female
917,Katey,Inchboard,kinchboardpg@dot.gov,Female
918,Daria,Choffin,dchoffinph@rediff.com,Female
919,Dewey,Barrowcliffe,dbarrowcliffepi@apple.com,Male
920,Lars,Dubbin,ldubbinpj@google.it,Male
921,Parnell,Freddi,pfreddipk@mtv.com,Male
922,Washington,Zaniolini,wzaniolinipl@g.co,Male
923,Olwen,Alonso,oalonsopm@hibu.com,Female
924,Jen,Hinstock,jhinstockpn@phpbb.com,Female
925,Keven,Rigg,kriggpo@godaddy.com,Male
926,Robbert,O'Currine,rocurrinepp@netlog.com,Male
927,Earl,Chidlow,echidlowpq@cloudflare.com,Male
928,Lee,Nicholl,lnichollpr@washington.edu,Female
929,Silvano,Mcmanaman,smcmanamanps@angelfire.com,Male
930,Haroun,Crafts,hcraftspt@addtoany.com,Male
931,Madelon,Fetherstonhaugh,mfetherstonhaughpu@nytimes.com,Female
932,Lorne,O'Doogan,lodooganpv@purevolume.com,Female
933,Vale,Birley,vbirleypw@oracle.com,Female
934,Ignacius,Inman,iinmanpx@house.gov,Male
935,Perrine,Hain,phainpy@nbcnews.com,Female
936,Aylmer,Skalls,askallspz@gmpg.org,Male
937,Almeda,Clowes,aclowesq0@lycos.com,Female
938,Parnell,Ingham,pinghamq1@live.com,Male
939,Debera,McTeague,dmcteagueq2@blinklist.com,Female
940,Vinny,Folker,vfolkerq3@businessweek.com,Male
941,Curran,Dignan,cdignanq4@wordpress.com,Male
942,Mellisent,Spracklin,mspracklinq5@nymag.com,Female
943,Alden,Van Weedenburg,avanweedenburgq6@privacy.gov.au,Male
944,Alasdair,Rawlings,arawlingsq7@omniture.com,Male
945,Mauricio,Ivanyushin,mivanyushinq8@fotki.com,Male
946,Wiatt,Hyams,whyamsq9@cloudflare.com,Male
947,Yulma,McGraith,ymcgraithqa@si.edu,Male
948,Inger,Epperson,ieppersonqb@mlb.com,Female
949,Sasha,Osmond,sosmondqc@deliciousdays.com,Female
950,Marlow,Alloisi,malloisiqd@aboutads.info,Male
951,Stephenie,Yandell,syandellqe@mit.edu,Female
952,Cullie,Buncombe,cbuncombeqf@wisc.edu,Male
953,Payton,Onthank,ponthankqg@berkeley.edu,Male
954,Justine,Batsford,jbatsfordqh@alibaba.com,Female
955,Brynn,Johnsson,bjohnssonqi@amazon.co.jp,Female
956,Mordy,Arthan,marthanqj@studiopress.com,Male
957,Johnathan,Bennis,jbennisqk@aboutads.info,Male
958,Myrah,Gariff,mgariffql@ocn.ne.jp,Female
959,Padriac,Josovich,pjosovichqm@xinhuanet.com,Male
960,Willdon,Beinisch,wbeinischqn@harvard.edu,Male
961,Monty,Ficken,mfickenqo@wikispaces.com,Male
962,Bryanty,Dumbell,bdumbellqp@purevolume.com,Male
963,Steven,Schwander,sschwanderqq@wikispaces.com,Male
964,Rhodia,Southerton,rsouthertonqr@jalbum.net,Female
965,Arnold,Pointer,apointerqs@infoseek.co.jp,Male
966,Daniella,Pittendreigh,dpittendreighqt@naver.com,Female
967,Moise,Aaron,maaronqu@yellowpages.com,Male
968,Ree,Pineaux,rpineauxqv@unblog.fr,Female
969,Rosie,Goor,rgoorqw@artisteer.com,Female
970,Helene,Sammars,hsammarsqx@godaddy.com,Female
971,Garrett,Pheasey,gpheaseyqy@devhub.com,Male
972,Milo,MacCaig,mmaccaigqz@clickbank.net,Male
973,Nikolai,Ible,nibler0@reverbnation.com,Male
974,Shep,Budik,sbudikr1@pbs.org,Male
975,Klarrisa,Minchinden,kminchindenr2@eventbrite.com,Female
976,Mattias,Klimsch,mklimschr3@google.cn,Male
977,Arte,Ranson,aransonr4@bluehost.com,Male
978,Kendricks,Santos,ksantosr5@xrea.com,Male
979,Libbie,Scoble,lscobler6@paginegialle.it,Female
980,Redford,Bernardinelli,rbernardinellir7@gov.uk,Male
981,Micky,Pate,mpater8@pcworld.com,Female
982,Dori,Biford,dbifordr9@hp.com,Female
983,Clarinda,Goodband,cgoodbandra@salon.com,Female
984,Ingmar,Beecker,ibeeckerrb@zdnet.com,Male
985,Georges,Hickinbottom,ghickinbottomrc@boston.com,Male
986,Roxie,Braunthal,rbraunthalrd@time.com,Female
987,Care,Fraine,cfrainere@guardian.co.uk,Male
988,Launce,Berriball,lberriballrf@bbb.org,Male
989,Selig,Gresswood,sgresswoodrg@spiegel.de,Male
990,Baldwin,Di Nisco,bdiniscorh@businessweek.com,Male
991,Glory,Biggerdike,gbiggerdikeri@toplist.cz,Female
992,Shawna,Vinnick,svinnickrj@answers.com,Female
993,Tyne,Wingate,twingaterk@usatoday.com,Female
994,Serene,Berg,sbergrl@furl.net,Female
995,Beau,Edon,bedonrm@nps.gov,Male
996,Sydelle,Challicum,schallicumrn@com.com,Female
997,Moreen,Rosenblum,mrosenblumro@prlog.org,Female
998,Wilone,Pople,wpoplerp@tamu.edu,Female
999,Rhetta,Dempster,rdempsterrq@cornell.edu,Female
1000,Lonny,Dandison,ldandisonrr@quantcast.com,Male
